30-conseq	30-aa	50-conseq	50-aa	100-conseq	100-aa	200-conseq	200-aa	500-conseq	500-aa	5008-conseq	5008-aa	
CGT->CGG	Arg	CGT->CGG	Arg	CGT->CGG	Arg	CGT->CGG	Arg	CGT->CGG	Arg	CGT->CGG	Arg	
ATA->ATT	Ile	ATA->ATT	Ile	CGG->CGT	Arg	ATA->ATT	Ile	GTA->GTT	Val	CGG->CGT	Arg	
CGA->CGC	Arg	CGG->CGT	Arg	ATA->ATT	Ile	CGG->CGT	Arg	TCT->TCA	Ser	ATA->ATT	Ile	
CGG->CGC	Arg	CGA->CGC	Arg	CGA->CGC	Arg	GTG->GTC	Val	CGA->CGC	Arg	GTG->GTC	Val	
CGG->CGT	Arg	CGG->CGC	Arg	GTG->GTC	Val	CGA->CGC	Arg	GTT->GTA	Val	TCC->TCA	Ser	
GTG->GTC	Val	GTG->GTC	Val	CGG->CGC	Arg	CGG->CGC	Arg	ATT->ATA	Ile	TTG->TTA	Leu	
ACG->ACC	Thr	CGA->AGA	Arg	TCC->TCA	Ser	CGA->AGA	Arg	GGA->GGT	Gly	AGA->CGA	Arg	
AGG->CGG	Arg	TCC->TCA	Ser	CGA->AGA	Arg	TCC->TCA	Ser	CTT->CTA	Leu	CGA->CGC	Arg	
CGA->AGA	Arg	ACG->ACC	Thr	ACA->ACT	Thr	TCT->TCA	Ser	TCC->TCA	Ser	CGA->AGA	Arg	
ACA->ACT	Thr	AGG->CGG	Arg	GTG->GTA	Val	GTG->GTA	Val	GTA->GTC	Val	GTG->GTA	Val	
TCC->TCA	Ser	ACA->ACT	Thr	AGG->CGG	Arg	TTG->TTA	Leu	GTG->GTC	Val	ATT->ATA	Ile	
GGT->GGG	Gly	AGA->CGA	Arg	TTG->TTA	Leu	CGC->CGG	Arg	CGG->CGT	Arg	CGG->CGC	Arg	
AGA->CGA	Arg	TCC->TCG	Ser	ACG->ACC	Thr	TCC->TCG	Ser	CGG->CGC	Arg	CCT->CCA	Pro	
TCC->TCG	Ser	GTG->GTA	Val	AGA->CGA	Arg	AGG->CGG	Arg	ACT->ACA	Thr	GGG->GGT	Gly	
ATA->ATC	Ile	GGT->GGG	Gly	CTC->CTT	Leu	ACA->ACT	Thr	CGC->CGG	Arg	CTG->CTA	Leu	
GTG->GTA	Val	TTG->TTA	Leu	TCC->TCG	Ser	CTC->CTT	Leu	GCT->GCA	Ala	CTC->CTT	Leu	
GTA->GTC	Val	GTA->GTC	Val	AAG->AAA	Lys	ACG->ACC	Thr	ACA->ACT	Thr	ACA->ACT	Thr	
TTG->TTA	Leu	GGG->GGT	Gly	GGG->GGA	Gly	AGA->CGA	Arg	ACG->ACC	Thr	TCC->TCG	Ser	
GGG->GGT	Gly	CTC->CTT	Leu	GGG->GGT	Gly	GGG->GGT	Gly	GCA->GCT	Ala	AGG->CGG	Arg	
GGG->GGA	Gly	GGG->GGA	Gly	CTG->CTA	Leu	CTG->CTA	Leu	AGA->CGA	Arg	GTA->GTT	Val	
AAG->AAA	Lys	ATA->ATC	Ile	CGC->CGG	Arg	CCT->CCA	Pro	CGA->AGA	Arg	AAG->AAA	Lys	
CTC->CTT	Leu	AAG->AAA	Lys	GTG->GTT	Val	ATA->ATC	Ile	ATA->ATT	Ile	ATC->ATT	Ile	
ATT->ATA	Ile	ATT->ATA	Ile	ATT->ATA	Ile	GGG->GGA	Gly	CTA->CTT	Leu	TCT->TCA	Ser	
GAA->GAG	Glu	CTG->CTA	Leu	ATA->ATC	Ile	AAG->AAA	Lys	ATA->ATC	Ile	ATA->ATC	Ile	
CTA->TTA	Leu	GCC->GCT	Ala	GGC->GGT	Gly	GAC->GAT	Asp	AGG->CGG	Arg	GGC->GGT	Gly	
CTG->CTA	Leu	GAC->GAT	Asp	GAC->GAT	Asp	GGC->GGT	Gly	GTG->GTT	Val	GGA->GGT	Gly	
GCC->GCT	Ala	GGC->GGT	Gly	GCC->GCT	Ala	GTA->GTC	Val	TCC->TCG	Ser	GCT->GCA	Ala	
CAC->CAT	His	CCG->CCA	Pro	CCG->CCA	Pro	GGT->GGG	Gly	GGG->GGT	Gly	TAC->TAT	Tyr	
CCG->CCA	Pro	GAA->GAG	Glu	GGT->GGG	Gly	CCG->CCA	Pro	CCT->CCG	Pro	GAC->GAT	Asp	
AGG->AGA	Arg	CCC->CCA	Pro	AGC->AGT	Ser	GCC->GCT	Ala	TCA->TCT	Ser	CTG->TTG	Leu	
GAC->GAT	Asp	CAC->CAT	His	CAC->CAT	His	AGC->AGT	Ser	CCC->CCA	Pro	CCT->CCG	Pro	
GGC->GGT	Gly	CTA->TTA	Leu	GAA->GAG	Glu	GTA->GTT	Val	ACA->ACC	Thr	GGG->GGA	Gly	
AGC->AGT	Ser	AGC->AGT	Ser	GCG->GCA	Ala	ATC->ATT	Ile	CCT->CCA	Pro	AGC->AGT	Ser	
CCC->CCA	Pro	TCA->TCC	Ser	TCG->TCA	Ser	CGG->CGA	Arg	TCG->TCC	Ser	GCC->GCT	Ala	
CCA->CCC	Pro	CGG->CGA	Arg	AAC->AAT	Asn	TCG->TCA	Ser	TTG->TTA	Leu	GTT->GTA	Val	
GCG->GCA	Ala	GCG->GCA	Ala	CTG->TTG	Leu	CTG->TTG	Leu	GGT->GGG	Gly	GAG->GAA	Glu	
GTA->GTG	Val	AGG->AGA	Arg	CCT->CCA	Pro	TGC->TGT	Cys	GTA->GTG	Val	CCC->CCA	Pro	
TCA->TCC	Ser	AAC->AAT	Asn	TGC->TGT	Cys	TAC->TAT	Tyr	ACG->ACT	Thr	AAC->AAT	Asn	
TCG->TCC	Ser	GGC->GGG	Gly	CCC->CCT	Pro	CCC->CCT	Pro	GTG->GTA	Val	CGC->CGG	Arg	
CCT->CCG	Pro	TCG->TCA	Ser	TAC->TAT	Tyr	CAC->CAT	His	CTC->CTT	Leu	TTC->TTT	Phe	
AAC->AAT	Asn	GTG->GTT	Val	ATC->ATT	Ile	AAC->AAT	Asn	TCA->TCC	Ser	GTA->GTG	Val	
CGG->CGA	Arg	CCC->CCT	Pro	CCC->CCA	Pro	GCG->GCA	Ala	CCA->CCT	Pro	CCC->CCT	Pro	
TGC->TGT	Cys	CCA->CCC	Pro	CGG->CGA	Arg	GTG->GTT	Val	GGC->GGT	Gly	CTT->CTA	Leu	
TAC->TAT	Tyr	TGC->TGT	Cys	CTA->TTA	Leu	CCC->CCA	Pro	TGT->TGC	Cys	GTG->GTT	Val	
CCC->CCT	Pro	ACG->ACA	Thr	GAG->GAA	Glu	ACG->ACA	Thr	GCA->GCC	Ala	CAC->CAT	His	
TCC->TCT	Ser	CTG->TTG	Leu	ACG->ACA	Thr	TCC->TCT	Ser	CTG->CTA	Leu	CTT->CTC	Leu	
ACG->ACA	Thr	TCC->TCT	Ser	TCC->TCT	Ser	GAG->GAA	Glu	CTA->TTA	Leu	GAA->GAG	Glu	
TCG->TCA	Ser	CGC->CGG	Arg	AGG->AGA	Arg	GTC->GTA	Val	AAG->AAA	Lys	TCG->TCA	Ser	
ATC->ATT	Ile	TCG->TCC	Ser	GTA->GTC	Val	TTC->TTT	Phe	GGG->GGA	Gly	TGC->TGT	Cys	
GTG->GTT	Val	TAC->TAT	Tyr	TGT->TGC	Cys	GAA->GAG	Glu	CCA->CCC	Pro	TCC->TCT	Ser	
CTG->TTG	Leu	TCT->TCA	Ser	GGC->GGG	Gly	AGG->AGA	Arg	TCT->TCG	Ser	ACG->ACA	Thr	
GAG->GAA	Glu	ATC->ATT	Ile	TCT->TCA	Ser	ACA->ACC	Thr	GAC->GAT	Asp	TTA->TTG	Leu	
TGT->TGC	Cys	GTA->GTG	Val	TTC->TTT	Phe	CTT->CTA	Leu	GGC->GGG	Gly	CAG->CAA	Gin	
GGC->GGG	Gly	GAG->GAA	Glu	GGA->GGT	Gly	CTA->TTA	Leu	TAC->TAT	Tyr	CCG->CCA	Pro	
ACT->ACG	Thr	TGT->TGC	Cys	TCA->TCC	Ser	TGT->TGC	Cys	AGC->AGT	Ser	AGG->AGA	Arg	
ACC->ACT	Thr	CCT->CCA	Pro	CCA->CCC	Pro	CGG->AGG	Arg	CCG->CCA	Pro	ACC->ACT	Thr	
TCT->TCA	Ser	CCT->CCG	Pro	TCG->TCC	Ser	GGC->GGG	Gly	GTT->GTG	Val	GTC->GTA	Val	
CCT->CCA	Pro	ACC->ACT	Thr	CGC->CGT	Arg	CGC->CGT	Arg	GAG->GAA	Glu	TAT->TAC	Tyr	
TTC->TTT	Phe	TTC->TTT	Phe	GTA->GTG	Val	TCG->TCC	Ser	CAC->CAT	His	AGA->AGG	Arg	
CGC->CGG	Arg	CAG->CAA	Gin	ACC->ACT	Thr	TAT->TAC	Tyr	TTA->TTG	Leu	CGC->CGT	Arg	
CAG->CAA	Gin	CGC->CGT	Arg	CAG->CAA	Gin	CAG->CAA	Gin	TCG->TCA	Ser	CGG->CGA	Arg	
CGC->CGT	Arg	GGA->GGT	Gly	TAT->TAC	Tyr	CCA->CCC	Pro	GCC->GCT	Ala	GTC->GTT	Val	
GCC->GCA	Ala	ACA->ACC	Thr	CCT->CCG	Pro	ACC->ACT	Thr	ATC->ATT	Ile	ACA->ACC	Thr	
TCG->TCT	Ser	GTT->GTA	Val	CTT->CTC	Leu	GGA->GGT	Gly	AAC->AAT	Asn	GCG->GCA	Ala	
GGG->GGC	Gly	GCC->GCA	Ala	GGC->GGA	Gly	ATT->ATA	Ile	TTC->TTT	Phe	TCA->TCT	Ser	
GGA->GGT	Gly	TCG->TCT	Ser	GTT->GTA	Val	CTA->CTT	Leu	TAT->TAC	Tyr	CTA->TTA	Leu	
GTT->GTA	Val	TAT->TAC	Tyr	GCA->GCC	Ala	ACC->ACG	Thr	CTG->TTG	Leu	TGT->TGC	Cys	
GTC->GTG	Val	ACT->ACG	Thr	ACA->ACC	Thr	GTA->GTG	Val	GGC->GGA	Gly	GGC->GGG	Gly	
TAT->TAC	Tyr	CGG->AGG	Arg	CGG->AGG	Arg	CCT->CCG	Pro	GTC->GTA	Val	ACG->ACC	Thr	
ACA->ACC	Thr	GGG->GGC	Gly	TTA->TTG	Leu	TCA->TCC	Ser	CCC->CCT	Pro	ATC->ATA	Ile	
GTC->GTA	Val	TTA->TTG	Leu	ACC->ACG	Thr	GCC->GCG	Ala	GCG->GCA	Ala	TCG->TCT	Ser	
CGC->CGA	Arg	CTT->CTC	Leu	GCC->GCA	Ala	CTT->CTC	Leu	ACG->ACA	Thr	GCC->GCG	Ala	
CTA->CTT	Leu	GTC->GTA	Val	TCG->TCT	Ser	TTA->TTG	Leu	TGC->TGT	Cys	CTG->CTT	Leu	
TCT->TCG	Ser	GCA->GCC	Ala	GCC->GCG	Ala	GCC->GCA	Ala	CGG->CGA	Arg	CTT->CTG	Leu	
CGG->AGG	Arg	ACC->ACG	Thr	CTT->CTG	Leu	GCA->GCC	Ala	TCC->TCT	Ser	TCT->TCG	Ser	
CTT->CTC	Leu	GGC->GGA	Gly	CCG->CCT	Pro	ATC->ATA	Ile	GGA->GGC	Gly	TCG->TCC	Ser	
GCA->GCC	Ala	CTA->CTT	Leu	TCT->TCG	Ser	CGC->CGA	Arg	AGG->AGA	Arg	AAA->AAG	Lys	
CCG->CCT	Pro	CTT->CTG	Leu	GGG->GGC	Gly	GGC->GGA	Gly	ATC->ATA	Ile	ACC->ACG	Thr	
GGC->GGA	Gly	CCG->CCT	Pro	ATC->ATA	Ile	CTT->CTG	Leu	GAA->GAG	Glu	CGG->AGG	Arg	
ACC->ACG	Thr	TCT->TCG	Ser	ACT->ACG	Thr	GTC->GTT	Val	CGC->CGT	Arg	GCA->GCC	Ala	
ACC->ACA	Thr	GCC->GCG	Ala	CTA->CTT	Leu	CCG->CCT	Pro	TTA->CTA	Leu	GGC->GGA	Gly	
GCG->GCC	Ala	GTC->GTG	Val	ACC->ACA	Thr	GGG->GGC	Gly	GCG->GCC	Ala	ACG->ACT	Thr	
CTT->CTG	Leu	GCG->GCC	Ala	CCA->CCT	Pro	TCT->TCG	Ser	ACC->ACT	Thr	GCC->GCA	Ala	
CTC->CTG	Leu	AAA->AAG	Lys	ACG->ACT	Thr	ACG->ACT	Thr	CAG->CAA	Gin	GGG->GGC	Gly	
AAA->AAG	Lys	ACC->ACA	Thr	GTC->GTA	Val	TCG->TCT	Ser	CGC->CGA	Arg	TCA->TCC	Ser	
GCC->GCG	Ala	CGC->CGA	Arg	AAA->AAG	Lys	GCT->GCA	Ala	GGG->GGC	Gly	CTC->CTA	Leu	
GAT->GAC	Asp	ACG->ACT	Thr	GCG->GCC	Ala	AAA->AAG	Lys	TCG->TCT	Ser	CCA->CCT	Pro	
ATC->ATA	Ile	GGT->GGC	Gly	GTC->GTT	Val	TTA->CTA	Leu	AGA->AGG	Arg	TCT->TCC	Ser	
TTA->TTG	Leu	ATC->ATA	Ile	AGA->AGG	Arg	CTC->CTA	Leu	ACC->ACG	Thr	CTA->CTT	Leu	
GGT->GGC	Gly	CTC->CTG	Leu	GTC->GTG	Val	ACC->ACA	Thr	CTC->CTA	Leu	TTT->TTC	Phe	
CAA->CAG	Gin	CTG->CTC	Leu	CGC->CGA	Arg	TCT->TCC	Ser	CCG->CCT	Pro	CTG->CTC	Leu	
ACG->ACT	Thr	GAT->GAC	Asp	TCT->TCC	Ser	TCA->TCT	Ser	GCG->GCT	Ala	GTA->GTC	Val	
CTT->CTA	Leu	CAA->CAG	Gin	GAT->GAC	Asp	AGA->AGG	Arg	CTT->CTC	Leu	CTA->CTG	Leu	
CTG->CTC	Leu	AGT->AGC	Ser	CTG->CTC	Leu	CTG->CTC	Leu	ACT->ACG	Thr	AGT->AGC	Ser	
GCG->GCT	Ala	CCA->CCT	Pro	CTA->CTG	Leu	CTA->CTG	Leu	CGG->AGG	Arg	GAT->GAC	Asp	
CTA->CTG	Leu	GTC->GTT	Val	GGT->GGC	Gly	ACT->ACG	Thr	GCC->GCA	Ala	CCA->CCC	Pro	
AGT->AGC	Ser	TCT->TCC	Ser	CTG->CTT	Leu	TTT->TTC	Phe	CTG->CTT	Leu	CCG->CCT	Pro	
CCA->CCT	Pro	CTA->CTG	Leu	CCC->CCG	Pro	GCG->GCC	Ala	GCC->GCG	Ala	CTC->CTG	Leu	
TCT->TCC	Ser	CTT->CTA	Leu	AGT->AGC	Ser	GAT->GAC	Asp	GTC->GTT	Val	TTA->CTA	Leu	
GGA->GGC	Gly	CCC->CCG	Pro	CTC->CTG	Leu	GCA->GCT	Ala	CTC->CTG	Leu	ACC->ACA	Thr	
GTC->GTT	Val	AGA->AGG	Arg	CAA->CAG	Gin	GCG->GCT	Ala	CGT->CGC	Arg	ATT->ATC	Ile	
CTG->CTT	Leu	GCG->GCT	Ala	TTT->TTC	Phe	CCC->CCG	Pro	ACC->ACA	Thr	ACT->ACA	Thr	
TCA->TCG	Ser	TTT->TTC	Phe	CTC->CTA	Leu	GTC->GTG	Val	AGT->AGC	Ser	TCA->TCG	Ser	
CCC->CCG	Pro	CTG->CTT	Leu	GCG->GCT	Ala	AGT->AGC	Ser	GAT->GAC	Asp	CCC->CCG	Pro	
AGA->AGG	Arg	TCA->TCG	Ser	CTT->CTA	Leu	CTG->CTT	Leu	CCC->CCG	Pro	ACT->ACG	Thr	
TTT->TTC	Phe	ATT->ATC	Ile	GGA->GGC	Gly	ACT->ACA	Thr	CTA->CTC	Leu	GCG->GCT	Ala	
ATT->ATC	Ile	GGA->GGC	Gly	ATT->ATC	Ile	CAA->CAG	Gin	CTT->CTG	Leu	GCA->GCT	Ala	
GTA->GTT	Val	GTA->GTT	Val	TCA->TCG	Ser	CTC->CTG	Leu	TCT->TCC	Ser	GCT->GCG	Ala	
GCA->GCT	Ala	ACT->ACA	Thr	TTA->CTA	Leu	ATT->ATC	Ile	ATT->ATC	Ile	CAA->CAG	Gin	
TTG->CTG	Leu	CTC->CTA	Leu	ACT->ACA	Thr	GGA->GGC	Gly	AAA->AAG	Lys	CTA->CTC	Leu	
CTC->CTA	Leu	TTA->CTA	Leu	GCA->GCT	Ala	TCA->TCG	Ser	GGT->GGC	Gly	GTC->GTG	Val	
CTA->CTC	Leu	GCA->GCT	Ala	GTA->GTT	Val	GCT->GCG	Ala	CTA->CTG	Leu	CGC->CGA	Arg	
ACT->ACA	Thr	TTG->CTG	Leu	TCA->TCT	Ser	GGT->GGC	Gly	CTG->CTC	Leu	GGT->GGC	Gly	
AAT->AAC	Asn	AAT->AAC	Asn	TTG->CTG	Leu	CCA->CCT	Pro	GTC->GTG	Val	GGA->GGC	Gly	
GCT->GCG	Ala	CCA->CCG	Pro	GGT->GGA	Gly	GTT->GTA	Val	GCT->GCG	Ala	CCA->CCG	Pro	
GGT->GGA	Gly	CTA->CTC	Leu	CCA->CCG	Pro	CCA->CCG	Pro	GGT->GGA	Gly	TTG->CTG	Leu	
TTA->CTA	Leu	CAT->CAC	His	GCT->GCG	Ala	TTG->CTG	Leu	TTT->TTC	Phe	ACT->ACC	Thr	
CCA->CCG	Pro	CCT->CCC	Pro	AAT->AAC	Asn	CTA->CTC	Leu	TCA->TCG	Ser	GCT->GCC	Ala	
ACA->ACG	Thr	ACA->ACG	Thr	CTA->CTC	Leu	CAT->CAC	His	CAA->CAG	Gin	CCT->CCC	Pro	
CAT->CAC	His	GCT->GCG	Ala	CAT->CAC	His	AAT->AAC	Asn	AAT->AAC	Asn	CAT->CAC	His	
CGA->CGT	Arg	GCT->GCC	Ala	GCT->GCC	Ala	CCT->CCC	Pro	TTG->CTG	Leu	GGA->GGG	Gly	
CCT->CCC	Pro	GGT->GGA	Gly	CCT->CCC	Pro	GCT->GCC	Ala	ACT->ACC	Thr	AAT->AAC	Asn	
GCT->GCC	Ala	TCA->TCT	Ser	ACA->ACG	Thr	ACA->ACG	Thr	CCA->CCG	Pro	CGT->CGA	Arg	
ACT->ACC	Thr	ACT->ACC	Thr	GCT->GCA	Ala	ACT->ACC	Thr	CCT->CCC	Pro	GCG->GCC	Ala	
CGA->CGG	Arg	GCT->GCA	Ala	ACT->ACC	Thr	GGT->GGA	Gly	GCT->GCC	Ala	ACA->ACG	Thr	
GGA->GGG	Gly	CGA->CGT	Arg	GGA->GGG	Gly	GGA->GGG	Gly	CGA->CGG	Arg	CGT->CGC	Arg	
GCA->GCG	Ala	GGA->GGG	Gly	CGA->CGT	Arg	CGT->CGA	Arg	GTT->GTC	Val	GTT->GTC	Val	
CGT->CGA	Arg	CGA->CGG	Arg	GCA->GCG	Ala	CGA->CGT	Arg	GGA->GGG	Gly	GGT->GGG	Gly	
CCG->CCC	Pro	GCA->GCG	Ala	CGT->CGA	Arg	GCA->GCG	Ala	CAT->CAC	His	GGT->GGA	Gly	
GCT->GCA	Ala	CCG->CCC	Pro	CGA->CGG	Arg	CCG->CCC	Pro	ACA->ACG	Thr	GCA->GCG	Ala	
TCA->TCT	Ser	CGT->CGA	Arg	CGT->CGC	Arg	CGA->CGG	Arg	CGA->CGT	Arg	CGA->CGT	Arg	
CGT->CGC	Arg	CGT->CGC	Arg	CCG->CCC	Pro	CGT->CGC	Arg	CCG->CCC	Pro	GTT->GTG	Val	
GTT->GTC	Val	GTT->GTC	Val	GTT->GTC	Val	GTT->GTC	Val	GCA->GCG	Ala	CGA->CGG	Arg	
GTT->GTG	Val	GTT->GTG	Val	GTT->GTG	Val	GTT->GTG	Val	CGT->CGA	Arg	CCG->CCC	Pro	
